P1,ZO20,ZO20
P2,XM59,XM59
P3,IQ96,IQ96
P5,CJ36,CJ36
P6,DI70,DI70
P1,AD09,AD09
P2,QY38,QY38
P3,TX40,TX48
P5,ZT74,XT24
P6,CS36,CS36
P1,ND13,ND13
P2,WQ41,WQ41
P3,EF70,EF70
P5,VR47,VR47
P6,MH38,MH38
P1,IP59,IP59
P2,CH86,CH06
P3,EY17,LY17
P5,LQ62,LQ62
P6,IL78,IL78
P1,SW26,SW26
P2,FK16,FK16
P3,PP25,PP25
P5,HR22,HR22
P6,OH25,OH25
P1,IQ17,IQ17
P2,ZS85,ZS05
P3,EQ90,EQ90
P5,ZH28,ZH28
P6,VO26,VO26
P1,JX78,JX78
P2,QZ40,QZ40
P3,ZN14,ZN14
P5,UR18,UR18
P6,CG04,CG04
P1,EJ91,EJ91
P2,QH87,QH07
P3,NO78,NO78
P5,PI04,PI04
P6,EK50,EK50
P1,DG86,DG86
P2,EG81,EG81
P3,EG73,LG73
P5,ML79,ML79
P6,VG98,VG90
P1,NM31,NM31
P2,OZ32,OZ32
P3,YJ48,YJ48
P5,CT10,CT10
P6,NP73,NP73
P1,XS22,XS22
P2,HA81,HA81
P3,JY30,JY30
P5,IW73,IW73
P6,YB18,YB78
P1,RP89,RP89
P2,OK44,OK44
P3,CJ22,CJ22
P5,WL68,WL68
P6,AX41,AX41
P1,DB20,DB20
P2,HY54,HY54
P3,KX68,KK68
P5,NW76,NW76
P6,MY74,MY74
P1,IT71,IT71
P2,RX61,RX61
P3,EJ99,EJ99
P5,IY28,IY28
P6,FS91,FS91
P1,ZP27,ZP27
P2,KP49,KP49
P3,DA88,DA08
P5,FV37,FV37
P6,FV67,FV67
P1,TB83,TB83
P2,LT26,LT26
P3,UC66,UC66
P5,VG95,VG95
P6,GM95,GM95
P1,MN79,MN79
P2,OF11,OF11
P3,EQ34,EQ34
P5,MJ99,MJ99
P6,KE13,KE13
P1,XX31,XX31
P2,GE85,GE05
P3,TG92,TG96
P5,SU05,SU05
P6,MA39,MA39
P1,CC33,CC33
P2,MP31,MP31
P3,XG97,XG97
P5,DE28,DE28
P6,RX36,RX36
P1,FA37,FA37
P2,ZR11,ZR11
P3,JY68,JY68
P5,OQ58,OQ58
P6,XW36,XW30
P1,XH39,XH39
P2,RJ35,RJ35
P3,YA17,YA17
P5,MM27,MM27
P6,TU33,TU33
P1,RK22,RK22
P2,HJ53,HJ53
P3,YO84,YO84
P5,OY86,OY86
P6,HG49,HG49
P1,LP79,LP79
P2,OV71,OV71
P3,OM24,OM24
P5,YN59,YN59
P6,DU11,DU11
P1,CZ92,CZ92
P2,OE08,OE88
P3,II46,II46
P5,NZ52,NZ52
P6,ZV87,ZV07
P1,QE48,QE48
P2,DK72,DK72
P3,OQ91,OQ91
P5,SY35,SY35
P6,KV32,KV32
P1,RI70,RI70
P2,JO17,JO17
P3,KX64,KX64
P5,TV61,TV61
P6,XN56,XN56
P1,UM66,UM66
P2,VA44,VA44
P3,ND22,ND22
P5,PT54,PT54
P6,OD10,DD10
P1,CT56,CT56
P2,SO91,SO91
P3,OP83,OP83
P5,NU91,NU91
P6,ZA11,ZA11
P1,QZ08,QZ88
P2,NA84,NA04
P3,FJ93,FJ93
P5,LX96,LX96
P6,YR08,YR08
P1,TQ10,TQ10
P2,UP43,UP43
P3,UR14,UR14
P5,JQ40,JQ40
P6,ZU01,ZU01
P1,VW59,VW59
P2,YU58,YU50
P3,DX74,DX74
P5,WO33,WS39
P6,EK28,EK28
P1,NT70,NT70
P2,FU09,FU89
P3,IM24,IM24
P5,MM78,MM78
P6,EK64,EK64
P1,DQ75,DQ75
P2,GM88,GM88
P3,GS15,GS15
P5,QS69,QS69
P6,DN55,DN55
P1,RJ77,RJ77
P2,MB16,MB16
P3,PY07,FY07
P5,WB18,WB18
P6,TX39,TX39
P1,HF75,HF75
P2,XT45,XT45
P3,TT42,TT42
P5,DN74,DN74
P6,FY75,FY75
P1,NM87,RM87
P2,ND34,KD34
P3,EQ75,EQ75
P5,AD63,AD63
P6,UQ46,UQ46
P1,PD42,PD42
P2,VG83,VG83
P3,QN42,QH46
P5,SF74,SA18
P6,NR55,NR55
P1,NK44,KK44
P2,CP00,CP88
P3,ZF35,ZF35
P5,FI39,FI39
P6,HQ79,HQ79
P1,RX17,RX17
P2,EL47,BL47
P3,MJ21,MJ21
P5,RN65,RN05
P6,SR87,SR87
P1,SL79,SL79
P2,DQ90,DQ90
P3,UG00,UG00
P5,VR14,VR14
P6,NU63,MU63
P1,WV67,WV67
P2,FV84,FV04
P3,SP19,SF19
P5,IJ10,IJ10
P6,WL98,WL98
P1,MH45,MH45
P2,YO37,YO37
P3,CC79,CC79
P5,OQ37,JQ37
P6,NI86,NI86
P1,SY23,SY23
P2,YC68,YC68
P3,WP24,WP24
P5,XE78,XE78
P6,EP78,EP78
P1,NW26,KW26
P2,AF47,AF47
P3,SZ30,SZ30
P5,SU69,CL69
P6,ER38,ER38
P1,NP94,KP94
P2,UH58,UH50
P3,CC61,CC61
P5,PT17,PT17
P6,NI90,NI90
P1,KD52,KD52
P2,AZ17,AZ17
P3,OE78,OE78
P5,ST67,ST67
P6,BB75,BB75
P1,ZP94,ZP94
P2,QC42,QC42
P3,OD54,OD54
P5,IP95,IP95
P6,QZ28,QZ28
P1,HX31,HX31
P2,FI93,FI93
P3,QH15,QH15
P5,ZV83,ZD83
P6,VQ56,VQ56
P1,YI10,YI10
P2,BP95,BP95
P3,LI41,LI41
P5,PN76,PN76
P6,KH56,KH56
P1,JV30,JV30
P2,AG55,AG55
P3,ZD82,ZD82
P5,YL75,YL75
P6,XU97,XU97
P1,CP97,CP97
P2,KV40,KV40
P3,ND35,ND35
P5,ZE74,ZE74
P6,MG94,MG94
P1,ME72,ME72
P2,JA82,JA82
P3,DM03,DM03
P5,DM25,DM25
P6,LT15,LT15
P1,JM78,JM78
P2,HW13,HW13
P3,EA55,EA55
P5,CD51,GD51
P6,QO71,QO71
P1,ZU93,ZU93
P2,JU97,JU97
P3,RN94,RN94
P5,CX04,GX04
P6,IF48,IF48
P1,FQ36,MQ36
P2,XI55,XI55
P3,GS36,GS36
P5,HQ79,HQ79
P6,MP31,MP31
P1,KY89,KY09
P2,VG62,VG62
P3,AD58,AD58
P5,ZM94,ZM94
P6,VX18,VX18
P1,YD76,YD76
P2,IK10,IK10
P3,KK38,KK38
P5,QP50,QP50
P6,PT28,PT20
P1,AN48,AN48
P2,NY66,NY66
P3,CA36,CA36
P5,NK09,NK09
P6,GB58,GB58
P1,GY82,GY02
P2,DG32,DG32
P3,HD37,HD37
P5,DW66,DW66
P6,LQ36,LQ36
P1,JC26,JC26
P2,NS88,KS00
P3,ZN15,ZH15
P5,EC14,EC14
P6,TI86,TI06
P1,PR51,PR51
P2,DQ24,DQ24
P3,XS47,XJ47
P5,YT06,VT36
P6,MC62,MC62
P1,IU29,IU29
P2,PE86,PE86
P3,ND39,MD39
P5,SL02,SL02
P6,GK38,GK38
P1,BO25,BO25
P2,HS63,HS63
P3,SD69,SD69
P5,AP11,AP11
P6,PP21,PP21
P1,XH43,AH43
P2,YR42,YR42
P3,JU43,JU43
P5,AW27,AW27
P6,WU51,WU51
P1,GX94,OX94
P2,UE25,UE25
P3,VU72,VU72
P5,NN12,NN12
P6,QK20,OK20
P1,UB50,UB50
P2,RU19,RU19
P3,EU25,BU25
P5,NA16,NA16
P6,JR39,JR39
P1,AN92,AN92
P2,DH65,DH65
P3,WN47,WN47
P5,RW83,NX83
P6,HC82,HC82
P1,JA91,JA91
P2,FM13,FM13
P3,KJ71,KJ71
P5,LU16,VU36
P6,GA30,GA30
P1,RK57,RK57
P2,ST97,ST97
P3,KL33,KL33
P5,CD82,CD82
P6,IC91,IC91
P1,OD97,OD97
P2,NM52,NM52
P3,NE33,RE33
P5,AJ96,AJ96
P6,LA36,LA36
P1,CQ92,CQ92
P2,DB23,DB23
P3,ND51,MD51
P5,ZQ95,ZQ95
P6,UK49,UK49
P1,LA56,LA56
P2,TU65,TW65
P3,JI39,JI39
P5,JL08,JL88
P6,QT79,QT79
P1,GA98,GA98
P2,XQ69,AQ69
P3,VO14,VO14
P5,YU37,YU37
P6,MZ31,MZ31
P1,PU39,PU39
P2,CH26,CH26
P3,ZI37,ZI37
P5,QA63,QA63
P6,AZ56,AZ50
P1,XH68,XH68
P2,NG28,KG20
P3,CJ10,CJ10
P5,CP48,CP48
P6,YO91,YO91
P1,NF97,NF97
P2,GH17,GH17
P3,YK35,YK35
P5,VY71,VY71
P6,OX81,OX81
P1,XJ57,XJ57
P2,FM86,FM06
P3,EG63,EG63
P5,ET65,ET65
P6,GN79,GH79
P1,SB86,SB06
P2,TY45,TY45
P3,ST52,ST52
P5,AI55,AI55
P6,LO33,LO33
P1,WK50,WK50
P2,LY76,LY76
P3,MK84,MK84
P5,SP04,SP04
P6,KC63,KC63
P1,BR99,BR99
P2,TI25,TI25
P3,GH97,GH97
P5,QA15,QA15
P6,AP58,AF58
P1,KE76,HE76
P2,DO69,DO69
P3,OE19,OE19
P5,RQ94,RQ94
P6,CP41,CP41
P1,HM32,HM32
P2,BR04,BR84
P3,FF13,FF13
P5,VS12,VS12
P6,OZ88,DZ08
P1,CF15,CF15
P2,QR50,QR50
P3,TG93,TG93
P5,NS24,NS24
P6,WN71,WN71
P1,GE20,GE20
P2,VB38,VB38
P3,HB71,HB71
P5,IS92,IS92
P6,VR89,VR89
P1,TX35,TX35
P2,RO63,RG03
P3,BY62,BY62
P5,UB99,UB99
P6,QE85,QE05
P1,DH93,DH93
P2,PX07,HX87
P3,TZ67,TZ67
P5,JT97,JT97
P6,SS68,SS68
P1,FD36,FD36
P2,PC59,FC59
P3,NY52,NY52
P5,PQ49,PQ49
P6,ZH79,ZH79
P1,LU21,LU21
P2,ZM36,ZM36
P3,ZJ18,ZJ18
P5,KM09,KM09
P6,HU37,HU37
P1,AH48,AH48
P2,PV45,PV45
P3,GQ11,GQ11
P5,CF06,CF06
P6,FJ31,FJ31
P1,GU99,GU99
P2,EC34,EC34
P3,NC42,NC42
P5,RO54,RO54
P6,GL28,GL28
P1,HQ74,HQ74
P2,ED55,ED55
P3,DL80,DL80
P5,TL36,TL36
P6,BR53,BR53
P1,QF53,QF53
P2,NQ80,NQ80
P3,HY88,HY88
P5,LE12,LE12
P6,JF48,JF48
P1,KJ17,KJ17
P2,DX34,DX34
P3,YE58,YE58
P5,SU76,SU76
P6,CA91,CA91
P1,DM86,DM86
P2,CP23,CP23
P3,BA25,BA23
P5,YU94,YU94
P6,SN02,SN02
P1,ZP80,ZP80
P2,TL82,TL02
P3,YW05,YW05
P5,CX15,CX15
P6,PO35,PO35
P1,CE34,CE34
P2,ZO17,ZO17
P3,LJ82,LJ82
P5,WF66,WF66
P6,WE48,WE48
P1,HW81,HW81
P2,TI51,TI51
P3,ZP92,ZP92
P5,PO25,PO25
P6,TG31,TG31
P1,TW41,TW41
P2,VS61,VS61
P3,QG20,QG20
P5,HA78,HA78
P6,XG80,XG00
P1,QT78,QT78
P2,GA22,GA22
P3,DG93,DG93
P5,LT25,LT25
P6,YK50,YK50
P1,IA69,IA69
P2,SA87,SA07
P3,NU28,MU20
P5,KH82,KH82
P6,RK10,RK10
P1,SW29,SW29
P2,IJ64,IJ64
P3,ZW92,ZW92
P5,GT82,GT82
P6,EH22,LH22
P1,HP41,HP41
P2,JA94,JA94
P3,RD16,RD16
P5,RW90,RW90
P6,KW60,KW00
P1,OV83,OV83
P2,WW81,WW01
P3,TA60,TA68
P5,WA06,WA06
P6,JX81,JX01
P1,ZI19,ZI19
P2,ED33,ED33
P3,FT37,FT37
P5,QD21,QD21
P6,HD89,HD89
P1,UH80,UH80
P2,VK38,VK38
P3,QZ43,QZ43
P5,CD93,CD93
P6,EA47,BA47
P1,TK98,TK98
P2,GF35,GF35
P3,MW65,MW65
P5,QO33,OO35
P6,SL70,SL70
P1,RE96,RE96
P2,CK84,CK04
P3,GF78,GF78
P5,TO09,TO09
P6,TI23,TI23
P1,DW55,DW55
P2,MU56,MU56
P3,PH68,PH68
P5,BJ39,BJ39
P6,RF18,RF18
P1,TM60,TM60
P2,RY18,RT10
P3,LM32,LM32
P5,BW15,BW15
P6,FL13,FL13
P1,UJ80,UJ80
P2,OJ68,OJ68
P3,YP47,YF47
P5,ZR71,ZR71
P6,II54,II54
P1,SS45,SS45
P2,GL85,GL05
P3,PN58,PH50
P5,SI25,SI25
P6,IH34,IH34
P1,TA81,TA01
P2,IU54,IU54
P3,PA70,FA70
P5,CR06,CR06
P6,GM56,GM56
P1,OL80,OL80
P2,CG99,CO99
P3,SR35,SR35
P5,KZ78,KZ78
P6,FX32,FX32
P1,JY68,JY68
P2,EL60,BL60
P3,JA84,JA84
P5,WU62,WU62
P6,MO93,MO93
P1,PU70,PU70
P2,FK28,FK20
P3,SJ69,SJ69
P5,OX53,OX53
P6,UB24,VB24
P1,MA41,MA41
P2,TN29,TH29
P3,NY82,NY82
P5,DF77,DF77
P6,TN80,TH80
P1,HU88,HU08
P2,VB06,VB86
P3,KG71,KG71
P5,AT09,AT09
P6,OO59,OO59
P1,OH58,OH58
P2,NH76,NH76
P3,YJ16,YJ16
P5,YH13,YH13
P6,ZI74,ZI74
P1,YE02,YE02
P2,IY43,IY43
P3,PP86,PF06
P5,OL10,OL10
P6,VZ36,VZ36
P1,BS19,BS19
P2,XM95,XM95
P3,CX71,CX71
P5,OK03,DW32
P6,OS70,OS70
P1,DT88,DT88
P2,NA04,WA84
P3,SQ18,SQ18
P5,JS92,JS92
P6,RI10,RI10
P1,KA84,KA04
P2,WF32,WF32
P3,NI30,WI30
P5,WB30,WB30
P6,NU36,NU36
P1,ZF29,ZF29
P2,EY48,EY48
P3,NJ26,NJ26
P5,RR18,RR18
P6,RD70,RD78
P1,WZ43,WZ43
P2,LG27,LG27
P3,DM73,DM73
P5,FV84,FO84
P6,PG39,PG39
P1,WJ99,WJ99
P2,MW47,MW47
P3,XA75,XA75
P5,LV14,LV14
P6,ZV88,ZV88
P1,OB80,OB80
P2,ZV43,ZV43
P3,SA66,SA66
P5,LT42,LT42
P6,EZ84,EZ84
P1,ED20,BD20
P2,VU74,VU74
P3,JM36,JM36
P5,KZ47,KZ47
P6,AR59,AR59
P1,CP91,CP91
P2,PX65,PX65
P3,ZU76,ZU76
P5,UB74,UB74
P6,FR16,FR16
P1,IP52,IP52
P2,VA86,VA86
P3,SC89,SC89
P5,FT93,FT93
P6,MW06,MW86
P1,VH57,VH57
P2,NK74,MK74
P3,GS75,GS75
P5,AN28,AN28
P6,EA44,BA44
P1,QF54,QF54
P2,PT93,PT93
P3,MJ48,MJ48
P5,LD23,LD23
P6,GL50,GL50
P1,PB55,PB55
P2,XX89,AX09
P3,GP21,GP21
P5,WJ26,WJ26
P6,XJ91,XJ91
P1,RQ51,RQ51
P2,JQ88,JQ08
P3,YU80,YU08
P5,CK16,CK16
P6,PO51,PO51
P1,TC97,TC97
P2,WX39,WX39
P3,NL58,KL58
P5,AN85,AK85
P6,OM36,OM36
P1,TU68,TU08
P2,QL17,QL17
P3,TX53,TX53
P5,EF41,EF41
P6,VF21,VF21
P1,CN28,CN28
P2,AM84,AM04
P3,JJ12,JJ12
P5,IU71,IU71
P6,ON08,ON08
P1,DU47,DU47
P2,MU65,MU65
P3,RV41,RV41
P5,XF66,XF66
P6,QK85,QK05
P1,HR21,HR21
P2,LG99,LG99
P3,MT03,MT03
P5,YZ24,YZ24
P6,VQ56,VQ56
P1,MQ82,MQ02
P2,MZ76,MZ76
P3,ZI56,ZI56
P5,VG77,VG77
P6,UG89,UG09
P1,ZL73,ZL73
P2,CX30,CX38
P3,LA17,LA17
P5,IK03,XK85
P6,WS37,WS37
P1,CD68,CD68
P2,QX92,QX92
P3,CB96,CB96
P5,PG85,MG05
P6,NM86,NM06
P1,IO38,IO38
P2,QX73,QX73
P3,DE76,DE76
P5,LU48,LU48
P6,LB11,LB11
P1,ER55,ER55
P2,ZC77,ZC77
P3,PQ78,PQ70
P5,LN35,LN35
P6,US76,US76
P1,UV57,UV57
P2,NG59,KG59
P3,XG64,XG64
P5,KE78,KE78
P6,ZX24,ZX24
P1,HU46,HU46
P2,HO73,HO73
P3,HL68,HL68
P5,OZ17,OZ17
P6,AN91,AN91
P1,HP77,HP77
P2,YQ19,YQ19
P3,EP26,EP26
P5,WO70,WG70
P6,TM33,TM33
P1,ZO57,ZO57
P2,ZW16,ZW16
P3,XX15,AX15
P5,XA06,XA06
P6,DW73,DW73
P1,GA65,GA65
P2,KL32,KL32
P3,OP20,OP20
P5,GF25,GF25
P6,IJ28,IJ28
P1,DX05,DX05
P2,QY74,QY74
P3,ZS13,ZS13
P5,XP75,XP75
P6,IX57,IX57
P1,NR72,NR72
P2,NI13,NI13
P3,RV89,RV89
P5,IZ97,IZ97
P6,NK03,NK03
P1,GF11,GF11
P2,CJ60,CJ60
P3,TL21,TL21
P5,NE53,NE53
P6,SX70,SX70
P1,ZZ11,ZZ11
P2,BL30,BL38
P3,ER69,ER69
P5,ZX23,ZX23
P6,NX39,NX39
P1,JL54,JL54
P2,DQ58,DQ58
P3,NX86,NX86
P5,PE15,PE15
P6,NZ28,NZ28
P1,WW16,WW16
P2,CM43,CM43
P3,LZ77,LZ77
P5,PF40,PF40
P6,QU40,QU40
P1,DN98,DN98
P2,US64,US64
P3,QS64,QS64
P5,II49,II49
P6,CX77,CX77
P1,EW20,EW20
P2,VC77,YC77
P3,MF83,MF83
P5,RN13,RN13
P6,ET37,ET37
P1,SM29,SM29
P2,PL36,PL36
P3,JH54,JH54
P5,JQ26,JQ26
P6,UL15,UL15
P1,TN27,TN27
P2,KD92,KD92
P3,QF38,QF30
P5,NN21,NN21
P6,OG86,OG00
P1,DE20,DE20
P2,XC35,XC35
P3,EJ58,LJ58
P5,TG35,TG35
P6,RX78,RX78
P1,WI05,WI05
P2,XV98,AV98
P3,RM41,RM41
P5,RT12,RT12
P6,JD12,JD12
P1,ZO73,ZO73
P2,OC80,GC00
P3,QV16,QV16
P5,HT98,HT98
P6,AW62,AW62
P1,XP80,XP00
P2,IY39,IY39
P3,XE87,XE87
P5,OA97,OA97
P6,IF24,IF24
P1,RQ68,RQ68
P2,NG44,KG44
P3,JS62,JS62
P5,VU89,VU09
P6,TM29,TM29
P1,EM06,BM86
P2,JV93,JV93
P3,OY27,OY27
P5,SN96,SN96
P6,ET98,ET98
P1,XY39,XY39
P2,TS53,TS53
P3,KU90,KU90
P5,QJ65,QJ65
P6,IY14,IY14
P1,QP24,QP24
P2,ZC93,ZC93
P3,DU83,DU83
P5,HT94,HT94
P6,ND43,ND43
P1,EA59,EA59
P2,HI53,HI53
P3,CQ18,CQ18
P5,OH11,OH11
P6,QE28,QE28
P1,KX45,KX45
P2,NO23,NO23
P3,MM36,MM36
P5,CL22,GL22
P6,BU58,BU58
P1,OQ11,OQ11
P2,ZT39,ZT39
P3,MR80,MR80
P5,EF56,LF56
P6,SZ66,SZ66
P1,EP51,EP51
P2,YK57,YK57
P3,ML51,ML51
P5,UL59,UL59
P6,WS73,WS73
P1,ZB10,ZB10
P2,PS56,FS56
P3,RB86,RB06
P5,QU73,QU73
P6,ZV71,ZV71
P1,TJ12,TJ12
P2,NG86,NG86
P3,YQ49,YQ49
P5,PV78,PV78
P6,YY44,YY44
P1,QU55,QU55
P2,CL90,CL90
P3,MN44,MN44
P5,FT06,FT06
P6,EJ87,BJ87
P1,CL44,CL44
P2,QI12,UI12
P3,YE81,YE81
P5,EU81,BU81
P6,IY43,IY43
P1,KX44,KX44
P2,TB74,TB74
P3,PC39,PC39
P5,JH59,JH59
P6,VH19,VH19
P1,KQ91,NQ91
P2,NK92,NK92
P3,NS24,NS24
P5,YQ38,YQ38
P6,PM34,PM34
P1,PH60,PH60
P2,NQ57,NQ57
P3,DD19,DD19
P5,BC28,BC28
P6,LG69,LG69
P1,BH18,BH18
P2,UI61,UI61
P3,WK52,WK52
P5,DH11,DH11
P6,UN40,UN40
P1,DU83,DU83
P2,VJ65,VJ65
P3,OO77,OO77
P5,DL33,DL33
P6,ZX36,ZX36
P1,QL51,QL51
P2,WQ99,WQ99
P3,FM22,FM22
P5,YI69,YI69
P6,RY63,RY63
P1,LE50,LE50
P2,XH37,XH37
P3,SG21,SG21
P5,HM64,HM64
P6,VI73,VI73
P1,CD85,CD85
P2,MW64,MW64
P3,EQ69,BQ69
P5,EB87,BB87
P6,QX01,QX01
P1,SW73,SW73
P2,GC97,GC97
P3,DA87,DA07
P5,IM61,IM61
P6,VJ52,VJ52
P1,SF88,SF08
P2,OV55,OV55
P3,QT39,QT39
P5,VD54,VD54
P6,FR18,FR18
P1,MZ79,MZ79
P2,OW22,OW22
P3,VC96,VC96
P5,EY79,EY79
P6,YC69,YC69
P1,PO02,PO02
P2,HK53,HK53
P3,AN77,AN77
P5,MY66,MY66
P6,WB63,WB63
P1,YO67,YO67
P2,TG44,TG44
P3,ZG68,ZG68
P5,BK73,BK73
P6,YY20,YY20
P1,FW82,FW82
P2,JO91,JO91
P3,FC98,FC98
P5,VO46,VO46
P6,YD32,YD32
P1,TF04,TF04
P2,ZT01,ZT81
P3,RQ81,RQ01
P5,UD05,UD05
P6,ET92,BT92
P1,VP63,VP63
P2,OX14,OX14
P3,KT71,KT71
P5,GU12,JU12
P6,IO93,IO93
P1,EH59,EH59
P2,HP42,HF42
P3,EO01,LO01
P5,KN39,KN39
P6,VW16,VW16
P1,JK32,JK32
P2,XB56,AB56
P3,OL42,OL42
P5,QE85,QE85
P6,GK72,GK72
P1,HC38,HC38
P2,IB82,IB82
P3,IS21,IS21
P5,LM74,UM74
P6,LF34,LF34
P1,WP73,WP73
P2,TH35,TH35
P3,GE70,GE70
P5,BQ11,BQ11
P6,CQ11,CQ11
P1,OZ41,OZ41
P2,ZS24,ZS24
P3,WD56,WD56
P5,YJ65,YJ65
P6,WS71,WS71
P1,MC58,MC58
P2,BL47,BL47
P3,XG24,XG24
P5,KP64,KP63
P6,UG26,UG26
P1,QF18,QF18
P2,NT96,NT90
P3,TP09,TP09
P5,QO06,QO06
P6,EI24,DI24
P1,LI57,LI57
P2,WB16,WB16
P3,TF35,TF35
P5,KU31,KU31
P6,SR49,SR49
P1,SI41,SI41
P2,JD27,JD27
P3,HN08,HN08
P5,XW99,XW99
P6,XY02,AY82
P1,ZB50,ZB50
P2,PM44,PM44
P3,DD96,DD96
P5,ZH58,ZH58
P6,RY16,RY16
P1,IJ90,IJ98
P2,AP52,AP52
P3,PZ15,PZ13
P5,GY28,GY28
P6,LO67,LO67
P1,PG58,PG58
P2,HO49,HO49
P3,SO76,SO76
P5,IL32,IL32
P6,UG76,UG76
P1,EM12,EM12
P2,JA97,JA97
P3,BR63,BR63
P5,TC81,TC81
P6,LR34,LR34
P1,PY30,FY30
P2,OO82,GO02
P3,SP41,SP41
P5,EX22,EX22
P6,IV86,IV86
P1,OS65,OS65
P2,VC22,VC22
P3,HN81,HN01
P5,MN25,MN25
P6,JJ88,JJ08
P1,EQ13,EQ13
P2,LV87,LV87
P3,ZT93,ZT93
P5,HB23,DE53
P6,HG91,HG91
P1,JB99,JB99
P2,YO89,YO89
P3,AU45,AU43
P5,NX88,NX88
P6,QH37,QH37
P1,RV63,NV63
P2,OA39,OA39
P3,QD28,QD28
P5,IK43,IK43
P6,HY36,HY36
P1,JT86,JT06
P2,ZX99,ZX99
P3,HP16,HP16
P5,KJ01,KJ31
P6,VF13,VF13
P1,QE15,QE15
P2,NO86,NO00
P3,BW30,BW30
P5,EJ05,EJ05
P6,YU11,YU11
P1,GM13,GM13
P2,TE56,TE56
P3,CA58,CA58
P5,SG13,SG13
P6,DV60,DV60
P1,SK32,SK32
P2,TJ89,TJ09
P3,YU74,YU74
P5,WI63,WI63
P6,BY74,BY74
P1,AT41,AT41
P2,OM67,OM67
P3,RD32,RD36
P5,QR35,QR35
P6,DY77,DY77
P1,YO92,YO92
P2,DC96,DC96
P3,EG21,BG71
P5,AW64,AW64
P6,ZW09,ZW89
P1,GZ79,OZ79
P2,OA05,OA85
P3,CM18,CM18
P5,RO41,RO41
P6,CJ16,CJ16
P1,GF46,GF46
P2,XX48,AX48
P3,NS93,NS93
P5,PH70,PH70
P6,XH97,XH97
P1,VT45,VT45
P2,QU16,QV16
P3,XC28,XC20
P5,NQ14,NQ14
P6,XB60,XB60
P1,FF76,FF76
P2,NR49,KR49
P3,CB87,CB07
P5,UY69,UY69
P6,CN82,CN02
P1,PB64,PB64
P2,HV77,HV77
P3,HP12,HP12
P5,XT86,XT86
P6,VT51,VT51
P1,SC44,SC44
P2,CA74,CA74
P3,TI93,TI93
P5,DC15,DC15
P6,UK45,UK45
P1,QD79,QD79
P2,KQ56,KQ56
P3,WI15,WI15
P5,GO41,GO41
P6,TR88,TR08
P1,SJ82,SJ02
P2,UE10,UE10
P3,EP94,EP94
P5,SS23,SS23
P6,HG61,HG61
P1,TB25,TB25
P2,EW87,BW07
P3,UJ07,UJ07
P5,MC96,MC96
P6,SL12,SL12
P1,DR76,DR76
P2,PY64,PY64
P3,IC05,IC05
P5,NP09,NP09
P6,CI18,CI18
P1,ZQ93,ZQ93
P2,ZI84,ZI84
P3,ON69,ON69
P5,SX94,SX94
P6,NE13,NE13
P1,VM57,VM57
P2,VA77,VA77
P3,VB60,VB68
P5,OY30,OY30
P6,QP17,VF77
P1,QV96,QV96
P2,AR83,AR83
P3,BA31,BA31
P5,LR82,LR82
P6,OC93,OC93
P1,JU95,JU95
P2,PZ95,FZ95
P3,EM75,EM75
P5,EY73,LY73
P6,UU06,UU06
P1,UO68,UO68
P2,FG61,FG01
P3,GS59,GS59
P5,IZ28,XZ28
P6,BK39,BK39
P1,GS54,GS54
P2,RN23,RN23
P3,XA61,XA61
P5,IX73,IX73
P6,HP10,HP10
P1,DH78,DH78
P2,AK17,AK17
P3,IR57,IR57
P5,MU77,MU77
P6,QN30,QN30
P1,EV13,EV13
P2,XG13,XG13
P3,UV44,UV44
P5,QX44,QX44
P6,QU60,QU60
P1,EV51,EV51
P2,NG36,NG36
P3,DQ70,DQ70
P5,SN20,SN20
P6,PI85,PI05
P1,UP45,UP45
P2,FR54,FR54
P3,PA50,PA50
P5,OC91,OC91
P6,XX14,XX14
P1,UK87,UK07
P2,UV02,UV82
P3,HU61,HU61
P5,GV13,GV13
P6,VA80,VA80
P1,MK34,MK34
P2,BX91,BX91
P3,NA33,NA33
P5,WF84,WF84
P6,QS31,QS31
P1,EI26,EI26
P2,XP83,AP03
P3,JV93,JV93
P5,QS15,QS15
P6,KY37,KY37
P1,PU65,PU65
P2,VZ72,VZ72
P3,CO46,CO46
P5,RI00,RI00
P6,WL85,WL85
P1,KN60,KN60
P2,OF48,OF48
P3,AO00,AO00
P5,ZV97,ZV97
P6,OK53,OK53
P1,AN62,AN62
P2,NE84,KE04
P3,IT98,IT98
P5,ZL55,ZL55
P6,SN56,SN56
P1,DL92,DL92
P2,MA04,MA84
P3,CW65,CW65
P5,WL97,WL97
P6,CP19,CP19
P1,ZZ53,ZZ53
P2,XP72,XP72
P3,JU89,JU89
P5,CV73,CV73
P6,JQ82,JQ82
P1,RU13,RU13
P2,ZR80,ZR80
P3,VA70,VA70
P5,YJ80,YJ80
P6,YM84,YM84
P1,AI29,AI29
P2,WJ73,WJ73
P3,VZ22,VZ22
P5,YK81,YK81
P6,AU73,AU73
P1,JC55,JC55
P2,CN19,CN19
P3,VT78,VT70
P5,QL37,QL37
P6,UG80,UG80
P1,HP82,HP82
P2,PN71,PN71
P3,GZ82,GZ82
P5,RJ44,RJ44
P6,NB34,NB34
P1,QS41,QS41
P2,PM90,PM98
P3,IP64,IP64
P5,OZ30,OZ30
P6,CB72,CB72
P1,SS55,SS55
P2,NN51,NN51
P3,GJ57,GJ57
P5,YE23,YE23
P6,PR73,PR73
P1,YU75,YW75
P2,JT75,JT75
P3,RX84,RX04
P5,HZ86,HZ86
P6,EW64,EW64
P1,FM81,FM81
P2,BE85,BE85
P3,BZ91,BZ91
P5,GD52,GD52
P6,BT57,BT57
P1,FH38,FH38
P2,YU10,YU10
P3,LT41,LT41
P5,GI25,GI25
P6,YB51,YB51
P1,KF69,KF69
P2,BG87,BG07
P3,HR62,HR62
P5,FP82,FP82
P6,CK36,CK36
P1,TH27,TH27
P2,YP68,YP68
P3,EZ30,EZ38
P5,XE29,XE29
P6,YC83,YC83
P1,NC50,NC50
P2,EK97,EK97
P3,OC58,OC58
P5,MR93,MR93
P6,AZ38,AZ38
P1,CI92,CI92
P2,YE77,YE77
P3,DS22,DS22
P5,CC55,CC55
P6,JD29,JD29
P1,WN62,WN62
P2,PV69,PV69
P3,HK70,HK70
P5,UN95,UN95
P6,IJ11,IJ11
P1,HK22,HK22
P2,LW29,LW29
P3,RN52,RN52
P5,WT01,WT01
P6,YM91,YM91
P1,HP43,HP43
P2,XH81,AH01
P3,TK08,TK08
P5,YQ45,YQ45
P6,XY34,XY34
P1,YL59,YL59
P2,EW33,EW33
P3,XR28,XR28
P5,DG44,DG44
P6,KS60,KS60
P1,KQ43,KQ43
P2,KG99,KG99
P3,KS14,KS14
P5,OX27,OX27
P6,CI04,CI04
P1,SB61,SB61
P2,PQ83,PQ83
P3,CM79,CM79
P5,QY96,QY96
P6,AA85,AA05
P1,VG68,VG68
P2,EY85,EY05
P3,CV40,CV48
P5,GD92,GD92
P6,FP48,FP48
P1,HV79,HV79
P2,MV75,MV75
P3,CK96,CK96
P5,CT38,CT38
P6,CO89,CO09
P1,PB54,PB54
P2,YD47,YD47
P3,GC60,GC60
P5,EU15,EU15
P6,SB88,SB08
P1,DV77,DV77
P2,RS50,RS50
P3,EV84,EV04
P5,TC10,TC10
P6,UQ42,UQ42
P1,OG65,OG65
P2,UJ80,UJ00
P3,EN61,EN61
P5,ET96,ET96
P6,MR76,MR76
P1,EY88,EY08
P2,VK50,VK50
P3,IM88,IM88
P5,KK65,KK65
P6,QO78,QO78
P1,EI56,EI56
P2,TE68,TE60
P3,VR77,VR77
P5,OL85,OL85
P6,ZZ10,ZZ10
P1,RP78,RP78
P2,EU29,EU29
P3,UL51,UL51
P5,IF31,IF31
P6,QP25,QP25
P1,LJ90,LJ90
P2,UJ73,UJ73
P3,JK28,JK28
P5,ZB36,ZB36
P6,PR37,PR37
P1,MA93,MA93
P2,EK40,EK40
P3,NC58,KC58
P5,MV35,MV35
P6,TB60,TB60
P1,VJ80,VJ80
P2,ME45,ME45
P3,IM14,IM14
P5,BN79,TI74
P6,IW93,IW93
P1,XR65,XR65
P2,DM51,DM51
P3,CM14,CM14
P5,VW39,VW39
P6,US46,US46
P1,QZ75,QZ75
P2,UD86,UD86
P3,EP25,EP25
P5,ED52,ED52
P6,XO87,XO07
P1,KV02,KV02
P2,JE55,JE55
P3,PC99,PC99
P5,GB58,GB58
P6,BL43,BL43
P1,EG34,EG34
P2,YA09,YA09
P3,EK22,EK22
P5,SV68,CV48
P6,RN59,RN59
P1,XI86,ET55
P2,CV66,CV66
P3,CE75,CE75
P1,MN41,MN41
P2,NE76,KE76
P3,TP53,TP53
P5,FC90,FC98
P6,GB25,GB25
P1,ED13,ED13
P2,YZ46,YZ46
P3,HN71,HN71
P5,YK96,YK96
P6,ED20,ED20
P1,RD08,ND88
P2,QG18,QG18
P3,LD96,LD94
P5,EU69,EU69
P6,DS72,DS72
P1,NJ31,NJ31
P2,RZ26,RZ26
P3,LP77,LF77
P5,KF91,KF91
P6,UQ00,VO88
P1,GT75,GT75
P2,LR39,LR39
P3,ZY26,ZY26
P4,QV50,QV58
P5,GY66,GY66
P6,AQ57,AQ57
